SS,,MSTF,
0.60111,59.2,0.2291,503.2182
0.60761,60.4,0.23565,345.7652
0.61412,59.2,0.24219,294.6889
0.62062,59.7,0.24873,258.4545
0.62712,63.3,0.25527,233.7892
0.63362,59.5,0.26181,211.5814
0.64012,59.3,0.26835,198.366
0.64662,62.7,0.27489,185.653
0.65312,62.6,0.28143,176.9345
0.65962,58,0.28796,164.6119
0.66611,61.7,0.2945,158.9885
0.67261,63.15,0.30104,152.5215
0.6791,63.85,0.30758,144.8577
0.6856,65.5,0.31411,138.7973
0.69209,69.05,0.32065,136.257
0.69858,72.4,0.32719,129.9815
0.70507,71,0.33372,127.6325
0.71156,77.95,0.34025,119.13
0.71805,76.5,0.34679,120.1394
0.72454,84.05,0.35332,115.0271
0.73102,86.8,0.35986,112.5304
0.73751,98.6,0.36639,112.0009
0.74399,99.5,0.37292,107.6286
0.75047,111.2,0.37945,107.445
0.75696,110.7333,0.38598,103.1028
0.76344,114.2,0.39251,101.9542
0.76992,116.8333,0.39904,100.325
0.77639,118.1333,0.40557,97.52612
0.78287,118.9,0.4121,98.25069
0.78935,117.0333,0.41863,95.60867
0.79582,114.7,0.42515,95.62803
0.80229,112.0333,0.43168,94.97047
0.80877,106.2333,0.43821,93.20297
0.81524,107.1667,0.44473,93.69756
0.82171,115,0.45126,91.32984
0.82817,112.15,0.45778,91.9343
0.83464,113.25,0.4643,91.56994
0.84111,112.775,0.47082,90.299
0.84757,109.25,0.47735,90.31002
0.85404,110.125,0.48387,89.31711
0.8605,115.5,0.49039,89.40215
0.86696,113.325,0.49691,88.74999
0.87342,112.675,0.50342,88.19953
0.87988,114,0.50994,87.98866
0.88633,112.925,0.51646,87.42977
0.89279,117.625,0.52298,87.18678
0.89924,122.05,0.52949,87.11169
0.9057,128.08,0.53601,86.35161
0.91215,136.5,0.54252,85.85539
0.9186,143.26,0.54903,86.50375
0.92505,150.46,0.55554,85.56053
0.93149,158.24,0.56206,85.50959
0.93794,170.6,0.56857,85.46387
0.94438,172.2,0.57508,85.20448
0.95083,177.3,0.58159,84.49799
0.95727,175.12,0.58809,84.63773
0.96371,179.92,0.5946,84.95838
0.97015,184.12,0.60111,84.6199
0.97658,191.25,0.60761,84.40943
0.98302,198.5167,0.61412,84.25245
0.98945,203.95,0.62062,83.79018
0.99589,208.7167,0.62712,84.38279
1.00232,210.5667,0.63362,83.92659
1.00875,206.2667,0.64012,83.51736
1.01518,200.85,0.64662,84.02716
1.02161,198.3333,0.65312,83.61015
1.02803,191.4167,0.65962,83.76953
1.03445,188.4167,0.66611,83.84583
1.04088,182.7833,0.67261,83.60477
1.0473,182.4667,0.6791,84.0543
1.05372,191.0571,0.6856,84.13896
1.06013,190.1429,0.69209,84.2979
1.06655,193.1714,0.69858,84.22389
1.07296,197.9857,0.70507,84.22078
1.07938,198.5714,0.71156,84.91444
1.08579,201.3571,0.71805,84.36917
1.0922,202.5143,0.72454,84.82086
1.09861,211.6125,0.73102,84.94385
1.10501,212.6572,0.73751,85.21196
1.11142,212.3286,0.74399,85.12797
1.11782,217.1429,0.75047,85.20785
1.12422,220.4125,0.75696,85.9253
1.13062,223.625,0.76344,86.32518
1.13702,219.9375,0.76992,86.47405
1.14342,221.15,0.77639,86.897
1.14981,216.3375,0.78287,86.82054
1.15621,221.125,0.78935,86.90148
1.1626,216.95,0.79582,87.17713
1.16899,223.35,0.80229,87.42639
1.17538,219.55,0.80877,87.53519
1.18176,221.95,0.81524,87.69277
1.18815,219.0625,0.82171,88.13592
1.19453,231.1875,0.82817,87.9586
1.20091,235.0625,0.83464,88.629
1.20729,234.3125,0.84111,88.75929
1.21367,234.9375,0.84757,89.16191
1.22004,233.15,0.85404,89.36691
1.22642,230.5,0.8605,89.57359
1.23279,236.225,0.86696,89.99143
1.23916,231.975,0.87342,90.31145
1.24553,228.575,0.87988,91.3508
1.25189,231.625,0.88633,91.68037
1.25826,230.975,0.89279,92.15469
1.26462,231.1125,0.89924,93.34866
1.27098,233.4,0.9057,94.08681
1.27734,232.5444,0.91215,95.23892
1.2837,228.6778,0.9186,96.68459
1.29005,228.9,0.92505,98.06313
1.29641,231.9,0.93149,99.71619
1.30276,228.1,0.93794,101.276
1.30911,226.5111,0.94438,103.7172
1.31546,228.1222,0.95083,105.4292
1.3218,224.7333,0.95727,107.8751
1.32815,226.4778,0.96371,109.7811
1.33449,226.3555,0.97015,111.1246
1.34083,235.6111,0.97658,113.3652
1.34717,233.6,0.98302,114.3036
1.3535,238.4555,0.98945,116.375
1.35984,249.5222,0.99589,117.5524
1.36617,267.3778,1.00232,119.3249
1.3725,310.5445,1.00875,120.5859
1.37883,321.8333,1.01518,121.1588
1.38515,290.5111,1.02161,122.6447
1.39148,252.1,1.02803,122.908
1.3978,237.9222,1.03445,123.1676
1.40412,230.6,1.04088,124.1731
1.41044,229.6222,1.0473,123.169
1.41675,228.45,1.05372,123.7922
1.42307,229.92,1.06013,123.5029
1.42938,228.44,1.06655,123.9665
1.43569,229.58,1.07296,123.5726
1.442,234.18,1.07938,124.1004
1.4483,233.2,1.08579,124.3957
1.45461,235.5364,1.0922,124.4257
1.46091,238.29,1.09861,124.4177
1.46721,242.22,1.10501,124.302
1.47351,243.91,1.11142,123.7535
1.4798,245.85,1.11782,123.6791
1.48609,252.24,1.12422,122.9249
1.49239,256.7,1.13062,123.0367
1.49867,256.8,1.13702,123.0865
1.50496,253.81,1.14342,122.7066
1.51124,255.02,1.14981,123.8533
1.51753,251.47,1.15621,123.1658
1.52381,248.49,1.1626,123.3259
1.53008,246.14,1.16899,123.6613
1.53636,239.13,1.17538,124.2646
1.54263,239.6,1.18176,124.7627
1.54891,234.25,1.18815,125.4392
1.55517,228.82,1.19453,126.1648
1.56144,224.4454,1.20091,126.3672
1.56771,221.1182,1.20729,126.8544
1.57397,217.9273,1.21367,127.2358
1.58023,217.8909,1.22004,127.4958
1.58649,214.4091,1.22642,128.0176
1.59274,210.9182,1.23279,128.2036
1.59899,205.5909,1.23916,128
1.60525,206.9273,1.24553,128.5003
1.61149,204.0818,1.25189,129.3829
1.61774,201.7545,1.25826,129.1991
1.62399,200.51,1.26462,129.3437
1.63023,201.8182,1.27098,129.8386
1.63647,200.3091,1.27734,129.4984
1.6427,195.9,1.2837,130.4219
1.64894,196.6417,1.29005,130.4196
1.65517,198.3636,1.29641,131.2372
1.6614,195.7818,1.30276,131.5754
1.66763,198.4273,1.30911,131.3788
1.67385,194.3818,1.31546,132.0212
1.68008,195.6909,1.3218,132.6601
1.6863,193.4636,1.32815,133.6452
1.69252,193.6182,1.33449,133.8796
1.69873,194.0333,1.34083,134.2047
1.70494,191.8917,1.34717,134.1383
1.71116,195.05,1.3535,133.5777
1.71737,192.925,1.35984,134.1496
1.72357,196.95,1.36617,134.1311
1.72978,195.3417,1.3725,135.9142
1.73598,200.5083,1.37883,140.3758
1.74218,201.7,1.38515,148.1414
1.74837,204.8583,1.39148,160.7943
1.75457,206.3167,1.3978,170.0856
1.76076,207.925,1.40412,178.4525
1.76695,209.1364,1.41044,179.6796
1.77313,213.9667,1.41675,173.7075
1.77932,215.5333,1.42307,167.1452
1.7855,217.5833,1.42938,158.9956
1.79168,219.4167,1.43569,154.5285
1.79786,217.0417,1.442,155.0975
1.80403,217.4167,1.4483,160.5179
1.8102,213.3417,1.45461,170.2321
1.81637,210.8167,1.46091,180.9314
1.82254,210.5417,1.46721,190.6127
1.8287,207.2917,1.47351,195.335
1.83486,204.9333,1.4798,193.1579
1.84102,204.5,1.48609,183.9792
1.84718,203.4769,1.49239,169.4722
1.85333,201.3643,1.49867,156.832
1.85948,200.1462,1.50496,147.05
1.86563,197.4769,1.51124,141.9003
1.87178,197.1,1.51753,137.9006
1.87792,196.3385,1.52381,135.2732
1.88406,196.4077,1.53008,132.823
1.8902,197.1461,1.53636,130.9924
1.89633,199.8231,1.54263,129.9323
1.90247,200.3769,1.54891,128.777
1.9086,199.1667,1.55517,128.1242
1.91472,200.2154,1.56144,128.2882
1.92085,203.0231,1.56771,127.7977
1.92697,201.3231,1.57397,129.5395
1.93309,200.2077,1.58023,135.9465
1.93921,197.9077,1.58649,138.7871
1.94532,197.1539,1.59274,135.6782
1.95143,193.1231,1.59899,135.5932
1.95754,191.3615,1.60525,136.4876
1.96365,184.4692,1.61149,136.2785
1.96975,179.6923,1.61774,135.3325
1.97585,175.3615,1.62399,132.3753
1.98195,171.1357,1.63023,129.3994
1.98805,168.4072,1.63647,127.2692
1.99414,163.0571,1.6427,125.1467
2.00023,161.0571,1.64894,123.3114
2.00632,156.0786,1.65517,120.4997
2.0124,153.3786,1.6614,119.2683
2.01848,150.9786,1.66763,117.9377
2.02456,148.7143,1.67385,116.8906
2.03064,143.3214,1.68008,116.4056
2.03671,144.3643,1.6863,115.4924
2.04278,141.2429,1.69252,114.8543
2.04885,138.5231,1.69873,114.2732
2.05491,137.5429,1.70494,114.0291
2.06098,138.4714,1.71116,114.0875
2.06704,135.8667,1.71737,113.0287
2.07309,134.5929,1.72357,113.4759
2.07915,134.7072,1.72978,113.8887
2.0852,134.0143,1.73598,114.1581
2.09125,133.2357,1.74218,116.2678
2.09729,133.4643,1.74837,119.0414
2.10334,128.6071,1.75457,121.527
2.10938,130.7,1.76076,120.4551
2.11541,125.5,1.76695,118.0297
2.12145,124.9533,1.77313,115.0074
2.12748,124.1333,1.77932,113.3628
2.13351,121.8933,1.7855,112.2321
2.13953,123.7067,1.79168,111.0509
2.14555,121.8467,1.79786,110.1264
2.15157,124.2333,1.80403,109.8102
2.15759,127.7,1.8102,108.9873
2.1636,132.62,1.81637,108.725
2.16961,142.3,1.82254,107.7854
2.17562,168.14,1.8287,107.0927
2.18163,206.3933,1.83486,106.7377
2.18763,249.12,1.84102,105.8768
2.19363,250.6,1.84718,105.6748
2.19963,209,1.85333,105.0983
2.20562,166.7933,1.85948,104.9094
2.21161,140.0867,1.86563,104.3486
2.2176,126.1533,1.87178,104.2141
2.22358,118.7667,1.87792,103.844
2.22956,113.2667,1.88406,103.644
2.23554,110.4933,1.8902,103.6989
2.24152,109.9333,1.89633,102.9706
2.24749,108.6067,1.90247,102.8254
2.25346,108.5733,1.9086,102.5049
2.25943,107.4875,1.91472,102.1331
2.26539,105.5313,1.92085,102.1118
2.27135,105.3125,1.92697,101.2554
2.27731,105.2187,1.93309,101.0973
2.28326,103.2125,1.93921,100.7687
2.28922,102.7353,1.94532,100.6352
2.29516,102.5,1.95143,99.9076
2.30111,101.575,1.95754,99.58488
2.30705,99.77499,1.96365,99.5538
2.31299,100.125,1.96975,99.30617
2.31893,100.075,1.97585,99.60793
2.32486,98.4625,1.98195,100.273
2.33079,99.64375,1.98805,101.6461
2.33672,100.8438,1.99414,103.3711
2.34265,98.59999,2.00023,105.5871
2.34857,99.4875,2.00632,108.8207
2.35448,97.49375,2.0124,112.0661
2.3604,96.19375,2.01848,116.9461
2.36631,96.30626,2.02456,122.5897
2.37222,97.39375,2.03064,127.8119
2.37813,98.35625,2.03671,136.4598
2.38403,99.44376,2.04278,157.0867
2.38993,106.8562,2.04885,201.425
2.39582,120.7412,2.05491,248.1095
2.40172,131.9,2.06098,263.002
2.40761,125.3176,2.06704,229.4213
2.4135,110.9176,2.07309,192.4794
2.41938,104.2588,2.07915,176.3318
2.42526,101.8824,2.0852,162.6016
2.43114,100.7765,2.09125,150.6443
2.43701,101.9,2.09729,142.4875
2.44289,100.4824,2.10334,135.7588
2.44875,102.1177,2.10938,131.1807
2.45462,102.9529,2.11541,128.1067
2.46048,100.6529,2.12145,127.6283
2.46634,103.7471,2.12748,129.9781
2.4722,103.6353,2.13351,134.083
2.47805,104.1294,2.13953,140.6004
2.4839,105.6529,2.14555,147.8266
2.48974,111.1,2.15157,154.6289
2.49559,140.453,2.15759,159.8818
2.50143,3406.989,2.1636,163.6272
2.50726,6613.776,2.16961,169.0539
2.51309,3348.618,2.17562,179.0699
2.51892,144.4944,2.18163,184.7248
2.52475,113.1235,2.18763,182.8964
2.53058,106.1412,2.19363,179.3489
2.5364,104.5778,2.19963,182.8711
2.54221,103.7278,2.20562,199.1049
2.54803,102.6333,2.21161,225.2234
2.55384,101.9833,2.2176,241.0975
2.55965,103.1944,2.22358,233.9268
2.56545,102.6389,2.22956,212.2053
2.57125,103.1053,2.23554,186.176
2.57705,103.2555,2.24152,159.5586
2.58284,103.0556,2.24749,138.0311
2.58863,104.6222,2.25346,123.7757
2.59442,106.4059,2.25943,115.7783
2.60021,104.8444,2.26539,112.4301
2.60599,105.7167,2.27135,116.3599
2.61177,107.1556,2.27731,136.6832
2.61754,106.2833,2.28326,199.0364
2.62331,105.7611,2.28922,251.5108
2.62908,105.8,2.29516,238.7785
2.63484,106.3278,2.30111,189.7507
2.64061,104.5278,2.30705,164.168
2.64636,108.2333,2.31299,158.3474
2.65212,106.5167,2.31893,142.6855
2.65787,106.1278,2.32486,118.1014
2.66362,107.0368,2.33079,101.5978
2.66937,107.3,2.33672,94.27603
2.67511,106.3474,2.34265,89.81252
2.68085,107.5474,2.34857,85.59653
2.68658,106.8421,2.35448,82.04968
2.69231,107.6158,2.3604,79.55756
2.69804,108.6684,2.36631,81.84924
2.70377,106.7158,2.37222,91.81651
2.70949,107.67,2.37813,98.14092
2.7152,108.3421,2.38403,92.48441
2.72092,107.8,2.38993,84.41539
2.72663,109.5,2.39582,81.12859
2.73234,108.321,2.40172,79.73685
2.73804,108.679,2.40761,79.02464
2.74375,107.1947,2.4135,81.90996
2.74944,107.2,2.41938,92.21009
2.75514,107.62,2.42526,109.9569
2.76083,109.4368,2.43114,119.4499
2.76652,108.5842,2.43701,117.702
2.7722,110.3421,2.44289,110.3528
2.77788,109.3158,2.44875,104.0449
2.78356,109.4947,2.45462,100.7204
2.78923,109.0631,2.46048,98.32288
2.79491,108.275,2.46634,98.08099
2.80057,107.615,2.4722,99.18762
2.80624,106.52,2.47805,100.5394
2.8119,107.265,2.4839,102.3561
2.81755,105.5,2.48974,103.7861
2.82321,105.83,2.49559,106.4165
2.82886,104.11,2.50143,118.1031
2.8345,104.985,2.50726,146.8597
2.84015,104.68,2.51309,175.4765
2.84579,105.5524,2.51892,169.3379
2.85142,104.945,2.52475,138.6898
2.85706,105.3368,2.53058,116.2679
2.86269,106.705,2.5364,104.3897
2.86831,106.98,2.54221,93.2554
2.87393,109.175,2.54803,81.04434
2.87955,112.765,2.55384,72.79314
2.88517,122.45,2.55965,68.2194
2.89078,192.015,2.56545,66.29787
2.89639,373.725,2.57125,65.18127
2.902,384.83,2.57705,64.35445
2.9076,266.265,2.58284,63.15886
2.9132,177.11,2.58863,62.2234
2.91879,148.72,2.59442,61.36159
2.92438,140.7714,2.60021,60.89573
2.92997,153.5238,2.60599,60.92439
2.93555,160.7714,2.61177,60.51969
2.94114,144.3143,2.61754,60.3633
2.94671,120.3429,2.62331,60.47828
2.95229,109.4143,2.62908,60.93626
2.95786,107.6476,2.63484,61.39389
2.96342,108.0381,2.64061,61.32382
2.96899,107.1381,2.64636,61.13027
2.97455,107.1857,2.65212,61.60435
2.9801,105.895,2.65787,62.74233
2.98565,106.7333,2.66362,64.26352
2.9912,107.7095,2.66937,66.27671
2.99675,106.2818,2.67511,68.68626
3.00229,102,2.68085,71.14192
20.63898,105.6525,2.68658,73.51722
20.68042,105.6049,2.69231,75.1488
20.72183,105.83,2.69804,76.03812
20.76322,107.4282,2.70377,76.50906
20.80459,108.535,2.70949,75.90794
20.84593,109.7675,2.7152,74.76549
20.88725,114.1342,2.72092,73.94827
20.92855,116.8375,2.72663,74.59153
20.96983,121.3425,2.73234,75.51442
21.01108,164.9325,2.73804,72.8819
21.05231,282.6049,2.74375,68.29633
21.09352,310.29,2.74944,64.63177
21.1347,238.8049,2.75514,62.53141
21.17586,170.3122,2.76083,60.78503
21.217,146.4976,2.76652,59.35053
21.25812,137.8756,2.7722,57.85734
21.29921,140.5854,2.77788,56.75599
21.34028,140.9878,2.78356,56.5045
21.38133,130.9805,2.78923,56.4614
21.42235,117.7453,2.79491,56.68632
21.46335,110.6619,2.80057,57.46015
21.50433,109.1476,2.80624,58.12952
21.54529,108.8214,2.8119,59.1362
21.58622,109.0357,2.81755,59.49867
21.62713,108.3309,2.82321,59.34518
21.66801,108.6452,2.82886,58.81962
21.70887,107.9767,2.8345,58.82669
21.74971,109.0262,2.84015,59.56728
21.79053,107.5302,2.84579,62.0128
21.83132,109.4643,2.85142,64.59962
21.87209,111.0691,2.85706,66.46151
21.91284,114.6857,2.86269,65.95557
21.95356,114.3071,2.86831,65.08984
21.99426,111.9024,2.87393,65.65661
22.03494,109.8119,2.87955,67.91259
22.07559,108.8791,2.88517,71.3078
22.11622,110.8907,2.89078,76.55781
22.15682,110.7419,2.89639,84.80949
22.19741,112.2023,2.902,95.87136
22.23797,110.9768,2.9076,108.2578
22.2785,110.9884,2.9132,121.8889
22.31901,110.4232,2.91879,145.8779
22.3595,111.075,2.92438,191.6864
22.39997,110.0356,2.92997,220.7329
22.44041,111.6068,2.93555,259.8636
22.48083,110.7311,2.94114,364.5862
22.52122,110.3591,2.94671,452.5198
22.56159,110.1932,2.95229,417.9087
22.60194,109.2372,2.95786,347.9688
22.64227,109.2023,2.96342,322.4017
22.68256,108.6704,2.96899,260.978
22.72284,109.225,2.97455,202.0532
22.76309,107.1311,2.9801,155.8891
22.80332,107.4045,2.98565,160.7009
22.84353,106.3909,2.9912,189.7836
22.88371,106.4182,2.99675,164.8935
22.92387,105.7568,3.00229,142.8137
22.964,105.2422,3.00783,145.8739
23.00411,105.18,3.01336,101.3907
23.0442,103.8267,3.0189,83.29665
23.08426,102.8261,3.02442,74.91011
23.1243,100.6111,3.02995,62.59395
23.16431,99.76,3.03547,60.14148
23.2043,98.47112,3.04099,57.39723
23.24427,98.16,3.0465,55.59119
23.28421,96.04893,3.05201,54.68715
23.32413,94.51521,3.05752,53.98622
23.36403,93.62825,3.06302,53.81656
23.4039,92.49999,3.06852,53.19357
23.44374,91.32667,3.07402,52.82671
23.48357,90.59334,3.07951,52.35001
23.52337,90.52221,3.085,52.21069
23.56314,89.13113,3.09048,52.22268
23.60289,89.96889,3.09596,52.98272
23.64262,90.08043,3.10144,54.45046
23.68232,90.8383,3.10691,58.37009
23.722,92.54129,3.11239,63.29658
23.76165,93.61915,3.11785,64.8828
23.80128,93.66809,3.12332,61.74388
23.84089,93.04348,3.12878,58.17987
23.88047,91.29563,3.13423,56.92014
23.92003,91.04679,3.13969,58.43685
23.95956,89.72979,3.14513,57.37188
23.99907,89.72977,3.15058,53.8087
24.03856,91.27448,3.15602,50.50442
24.07802,92.44256,3.16146,48.848
24.11745,95.05417,3.16689,48.02755
24.15687,98.93619,3.17233,47.9021
24.19625,105.5638,3.17775,47.79869
24.23562,114.1708,3.18318,47.78611
24.27496,127.8437,3.1886,47.94702
24.31427,147.4429,3.19401,48.14589
24.35356,169.1416,3.19943,48.2447
24.39283,192.1604,3.20484,48.4012
24.43207,205.1708,3.21024,48.7379
24.47129,211.8916,3.21564,49.03841
24.51048,200.7542,3.22104,49.46828
24.54965,199.0594,3.22644,49.83513
24.58879,168.635,3.23183,50.3801
24.62791,128.47,3.23722,51.26269
24.66701,108.8,3.2426,52.22808
,,3.24798,53.22149
,,3.25336,54.36564
,,3.25873,55.55132
,,3.2641,56.82932
,,3.26946,58.33328
,,3.27482,59.90976
,,3.28018,61.93747
,,3.28554,63.93766
,,3.29089,65.55192
,,3.29623,66.19494
,,3.30158,66.22952
,,3.30692,66.09969
,,3.31225,67.45799
,,3.31759,71.32121
,,3.32292,75.32457
,,3.32824,75.38525
,,3.33356,71.26424
,,3.33888,67.64293
,,3.34419,68.36899
,,3.3495,73.35686
,,3.35481,76.74336
,,3.36011,80.91647
,,3.36541,97.32642
,,3.37071,164.2196
,,3.376,180.0336
,,3.38129,169.4173
,,3.38657,140.9996
,,3.39185,138.4061
,,3.39713,151.4995
,,3.4024,158.3416
,,3.40767,187.7923
,,3.41294,188.3465
,,3.4182,190.9615
,,3.42346,178.3285
,,3.42872,135.182
,,3.43397,135.1352
,,3.43921,130.6806
,,3.44446,122.9613
,,3.4497,113.9894
,,3.45493,92.08889
,,3.46017,81.17794
,,3.46539,68.98621
,,3.47062,63.20988
,,3.47584,60.28535
,,3.48106,60.69846
,,3.48627,63.77586
,,3.49148,69.9819
,,3.49669,81.10375
,,3.50189,90.49373
,,3.50709,84.94915
,,3.51228,77.19972
,,3.51748,70.9549
,,3.52266,65.76732
,,3.52785,60.50145
,,3.53303,58.00245
,,3.53821,56.53808
,,3.54338,54.52504
,,3.54855,51.47399
,,3.55371,48.33792
,,3.55887,45.23561
,,3.56403,43.32377
,,3.56919,42.06614
,,3.57434,41.51757
,,3.57948,41.12732
,,3.58462,40.83995
,,3.58976,40.48124
,,3.5949,40.15398
,,3.60003,39.87312
,,3.60516,39.83807
,,3.61028,39.71389
,,3.6154,39.60328
,,3.62052,40.15839
,,3.62563,40.19222
,,3.63074,40.15237
,,3.63584,40.28765
,,3.64094,40.26245
,,3.64604,40.37941
,,3.65114,40.41271
,,3.65623,41.00244
,,3.66131,42.21358
,,3.6664,43.6018
,,3.67147,45.37126
,,3.67655,45.50257
,,3.68162,45.20884
,,3.68669,44.85551
,,3.69175,45.16349
,,3.69681,46.82525
,,3.70187,49.35762
,,3.70692,53.08812
,,3.71197,56.51255
,,3.71701,58.63485
,,3.72205,58.92439
,,3.72709,58.15083
,,3.73212,56.68789
,,3.73715,55.01142
,,3.74218,52.77278
,,3.7472,50.28406
,,3.75222,47.99584
,,3.75724,46.23352
,,3.76225,45.34622
,,3.76725,44.99428
,,3.77225,44.67692
,,3.77725,44.74023
,,3.78225,44.76544
,,3.78724,45.14172
,,3.79223,45.29752
,,3.79722,44.85981
,,3.8022,44.71672
,,3.80717,44.79596
,,3.81215,44.78512
,,3.81711,45.12959
,,3.82208,45.43751
,,3.82704,45.79712
,,3.832,46.25539
,,3.83695,46.89953
,,3.8419,47.85537
,,3.84685,49.01463
,,3.85179,50.00831
,,3.85673,50.29773
,,3.86166,49.89359
,,3.8666,49.6917
,,3.87152,49.26611
,,3.87645,49.36476
,,3.88137,49.32233
,,3.88628,49.416
,,3.8912,49.42764
,,3.8961,49.32772
,,3.90101,49.39673
,,3.90591,48.91842
,,3.91081,48.76464
,,3.9157,48.45563
,,3.92059,48.3945
,,3.92547,48.17645
,,3.93036,47.94189
,,3.93523,47.44265
,,3.94011,46.97561
,,3.94498,46.18988
,,3.94985,45.41325
,,3.95471,44.40059
,,3.95957,43.46817
,,3.96442,42.66871
,,3.96928,41.97873
,,3.97412,41.24421
,,3.97897,40.66629
,,3.98381,40.27896
,,3.98864,39.73799
,,3.99348,39.55417
,,3.9983,39.21157
,,4.00313,39.13833
,,4.00795,39.14112
,,4.01277,39.03459
,,4.01758,39.30009
,,4.02239,39.54994
,,4.0272,39.79002
,,4.032,40.17672
,,4.0368,40.47732
,,4.04159,40.81047
,,4.04638,41.14518
,,4.05117,41.37639
,,4.05595,41.80219
,,4.06073,42.23495
,,4.06551,42.8185
,,4.07028,43.56451
,,4.07505,45.02931
,,4.07981,46.73351
,,4.08457,49.30394
,,4.08933,52.30863
,,4.09408,54.83086
,,4.09883,56.4262
,,4.10358,56.96722
,,4.10832,56.32285
,,4.11306,55.33059
,,4.11779,53.79299
,,4.12252,51.91483
,,4.12725,49.55191
,,4.13197,47.1246
,,4.13669,45.2177
,,4.1414,43.92757
,,4.14612,43.51389
,,4.15082,43.85435
,,4.15553,45.15688
,,4.16023,46.09824
,,4.16492,46.23359
,,4.16962,45.02251
,,4.17431,43.47121
,,4.17899,42.03778
,,4.18367,40.90268
,,4.18835,40.42554
,,4.19302,39.94761
,,4.19769,39.84311
,,4.20236,39.58655
,,4.20702,39.29676
,,4.21168,38.99171
,,4.21633,39.15605
,,4.22098,39.69168
,,4.22563,40.36435
,,4.23027,40.35983
,,4.23491,40.2603
,,4.23955,39.57039
,,4.24418,39.02867
,,4.24881,38.6403
,,4.25343,38.4632
,,4.25805,38.20276
,,4.26267,37.97028
,,4.26729,37.85966
,,4.27189,37.82456
,,4.2765,37.96231
,,4.2811,38.28158
,,4.2857,39.05163
,,4.29029,40.40219
,,4.29488,41.16732
,,4.29947,41.67848
,,4.30406,41.45161
,,4.30863,40.16505
,,4.31321,38.84877
,,4.31778,37.7273
,,4.32235,37.01356
,,4.32691,36.39812
,,4.33147,36.05724
,,4.33603,35.70584
,,4.34058,35.25444
,,4.34513,34.68935
,,4.34968,34.30279
,,4.35422,33.82067
,,4.35876,33.23496
,,4.36329,33.03557
,,4.36782,32.68241
,,4.37235,32.47003
,,4.37687,32.39819
,,4.38139,32.33773
,,4.38591,32.22725
,,4.39042,32.2089
,,4.39493,31.99946
,,4.39943,32.02237
,,4.40393,32.036
,,4.40843,32.13567
,,4.41292,32.233
,,4.41741,32.46249
,,4.4219,33.05212
,,4.42638,33.26633
,,4.43086,33.7893
,,4.43533,33.72146
,,4.4398,33.88676
,,4.44427,34.06851
,,4.44873,34.38557
,,4.45319,34.82327
,,4.45765,35.19759
,,4.4621,35.16519
,,4.46655,34.98687
,,4.47099,34.47107
,,4.47543,33.96668
,,4.47987,33.42784
,,4.4843,32.90548
,,4.48873,32.5672
,,4.49316,32.28265
,,4.49758,32.10232
,,4.502,31.96402
,,4.50641,31.8446
,,4.51083,31.75312
,,4.51523,31.52477
,,4.51964,31.66441
,,4.52404,31.60968
,,4.52843,32.19487
,,4.53283,32.92041
,,4.53722,33.46146
,,4.5416,33.76867
,,4.54598,33.44241
,,4.55036,32.6954
,,4.55473,32.24395
,,4.5591,31.64049
,,4.56347,31.35094
,,4.56783,31.26206
,,4.57219,31.03369
,,4.57655,30.92542
,,4.5809,30.57799
,,4.58525,30.61005
,,4.58959,30.60106
,,4.59394,30.62738
,,4.59827,30.69057
,,4.60261,30.81718
,,4.60694,30.76184
,,4.61126,30.5991
,,4.61558,30.62741
,,4.6199,30.89628
,,4.62422,30.87399
,,4.62853,31.01444
,,4.63284,31.0457
,,4.63714,30.98995
,,4.64144,30.63957
,,4.64574,30.42537
,,4.65003,30.11867
,,4.65432,29.80319
,,4.65861,29.63116
,,4.66289,29.50261
,,4.66717,29.51021
,,4.67144,29.6874
,,4.67571,29.79812
,,4.67998,30.51282
,,4.68425,30.91866
,,4.68851,30.7017
,,4.69276,30.487
,,4.69702,30.3289
,,4.70126,29.98139
,,4.70551,29.9188
,,4.70975,29.68364
,,4.71399,29.70316
,,4.71823,29.74388
,,4.72246,30.06116
,,4.72668,30.21914
,,4.73091,30.57465
,,4.73513,31.11949
,,4.73934,31.75604
,,4.74356,32.66255
,,4.74777,34.45237
,,4.75197,38.38174
,,4.75617,47.4053
,,4.76037,54.14509
,,4.76457,57.60361
,,4.76876,59.94525
,,4.77295,57.9595
,,4.77713,59.25576
,,4.78131,58.06684
,,4.78549,59.61255
,,4.78966,62.36464
,,4.79383,66.42647
,,4.798,74.68372
,,4.80216,86.28443
,,4.80631,102.8861
,,4.81047,130.7736
,,4.81462,146.148
,,4.81877,161.498
,,4.82291,159.9166
,,4.82705,161.3152
,,4.83119,142.2731
,,4.83533,120.0548
,,4.83946,105.9682
,,4.84358,102.9296
,,4.8477,107.2935
,,4.85182,123.0509
,,4.85594,123.727
,,4.86005,121.2783
,,4.86416,108.893
,,4.86826,98.65836
,,4.87237,88.00735
,,4.87646,72.12808
,,4.88056,64.8328
,,4.88465,57.86521
,,4.88873,52.54828
,,4.89282,48.30118
,,4.8969,45.0883
,,4.90097,42.31763
,,4.90505,40.13916
,,4.90911,38.22007
,,4.91318,36.55545
,,4.91724,35.28094
,,4.9213,34.01865
,,4.92536,32.93631
,,4.92941,31.98371
,,4.93346,31.51927
,,4.9375,30.94905
,,4.94154,30.79097
,,4.94558,30.70776
,,4.94961,30.46407
,,4.95364,29.93088
,,4.95767,29.39202
,,4.96169,28.95203
,,4.96571,28.62737
,,4.96973,28.158
,,4.97374,27.84285
,,4.97775,27.48685
,,4.98175,27.16255
,,4.98576,26.96607
,,4.98975,26.81198
,,4.99375,26.6146
,,4.99774,26.4838
,,5.00173,26.34743
,,5.00571,26.31039
,,5.00969,26.31748
,,5.01367,26.40559
,,5.01764,26.28563
,,5.02161,26.18967
,,5.02558,26.02348
,,5.02954,25.78349
,,5.0335,25.54405
,,5.03746,25.45027
,,5.04141,25.43611
,,5.04536,25.43219
,,5.04931,25.37962
,,5.05325,25.38334
,,5.05719,25.34758
,,5.06113,25.53677
,,5.06506,25.63515
,,5.06899,26.14647
,,5.07291,26.54964
,,5.07683,26.75079
,,5.08075,26.95008
,,5.08467,26.94266
,,5.08858,26.6725
,,5.09248,26.45291
,,5.09639,26.16073
,,5.10029,25.93173
,,5.10419,25.5961
,,5.10808,25.3594
,,5.11197,25.18407
,,5.11586,24.91604
,,5.11974,24.75883
,,5.12362,24.68819
,,5.1275,24.5951
,,5.13137,24.55887
,,5.13524,24.43541
,,5.13911,24.38143
,,5.14297,24.42385
,,5.14683,24.45539
,,5.15069,24.50028
,,5.15454,24.52594
,,5.15839,24.43073
,,5.16223,24.55175
,,5.16608,24.59515
,,5.16991,24.58587
,,5.17375,24.6499
,,5.17758,24.78815
,,5.18141,24.90767
,,5.18524,25.04344
,,5.18906,25.16258
,,5.19288,25.37512
,,5.19669,25.38139
,,5.2005,25.47909
,,5.20431,25.45426
,,5.20812,25.46083
,,5.21192,25.43208
,,5.21572,25.44153
,,5.21951,25.39023
,,5.2233,25.28618
,,5.22709,25.21766
,,5.23088,25.30414
,,5.23466,25.37788
,,5.23843,25.37477
,,5.24221,25.56026
,,5.24598,25.7724
,,5.24975,25.82504
,,5.25351,25.79919
,,5.25727,25.68397
,,5.26103,25.48073
,,5.26478,25.26814
,,5.26854,24.88629
,,5.27228,24.82059
,,5.27603,24.60092
,,5.27977,24.4227
,,5.2835,24.41009
,,5.28724,24.323
,,5.29097,24.14311
,,5.2947,24.23448
,,5.29842,24.08081
,,5.30214,24.06812
,,5.30586,24.05033
,,5.30957,23.87683
,,5.31328,23.77251
,,5.31699,23.56602
,,5.32069,23.51353
,,5.3244,23.49016
,,5.32809,23.58282
,,5.33179,23.47613
,,5.33548,23.58355
,,5.33917,23.7369
,,5.34285,23.75315
,,5.34653,23.84787
,,5.35021,23.86627
,,5.35388,24.08249
,,5.35755,24.12918
,,5.36122,24.26366
,,5.36489,24.35054
,,5.36855,24.61673
,,5.3722,24.70714
,,5.37586,24.66413
,,5.37951,24.79571
,,5.38316,24.75841
,,5.3868,24.67855
,,5.39044,24.52862
,,5.39408,24.29736
,,5.39772,24.16907
,,5.40135,23.90974
,,5.40498,23.83914
,,5.4086,23.63019
,,5.41222,23.52024
,,5.41584,23.46605
,,5.41946,23.4447
,,5.42307,23.46334
,,5.42668,23.44555
,,5.43028,23.45774
,,5.43389,23.55432
,,5.43748,23.53986
,,5.44108,23.58553
,,5.44467,23.68033
,,5.44826,23.75063
,,5.45185,23.90154
,,5.45543,24.002
,,5.45901,24.16237
,,5.46258,24.34899
,,5.46616,24.43169
,,5.46973,24.73712
,,5.4733,24.9734
,,5.47686,24.98479
,,5.48042,24.87126
,,5.48398,24.80475
,,5.48753,24.55272
,,5.49108,24.31812
,,5.49463,24.17423
,,5.49817,23.98949
,,5.50171,23.68637
,,5.50525,23.4873
,,5.50878,23.32562
,,5.51232,23.22893
,,5.51584,23.05017
,,5.51937,23.12627
,,5.52289,23.01899
,,5.52641,22.9935
,,5.52992,23.0413
,,5.53344,22.88047
,,5.53695,22.89437
,,5.54045,23.02781
,,5.54395,23.3129
,,5.54745,23.38197
,,5.55095,23.28767
,,5.55444,23.12875
,,5.55793,22.67586
,,5.56142,22.54525
,,5.5649,22.45373
,,5.56838,22.51558
,,5.57186,22.59258
,,5.57533,22.86683
,,5.57881,23.08391
,,5.58227,23.20822
,,5.58574,23.63029
,,5.5892,23.97323
,,5.59266,24.33718
,,5.59611,24.46994
,,5.59957,24.62963
,,5.60302,25.02323
,,5.60646,25.78006
,,5.6099,26.69243
,,5.61334,27.81437
,,5.61678,30.00516
,,5.62021,32.64112
,,5.62364,36.2057
,,5.62707,36.2681
,,5.6305,37.55677
,,5.63392,36.71938
,,5.63734,37.10408
,,5.64075,36.87188
,,5.64416,35.09293
,,5.64757,34.85587
,,5.65097,35.95419
,,5.65438,36.55918
,,5.65778,35.55858
,,5.66117,34.81897
,,5.66457,33.85731
,,5.66796,33.47032
,,5.67134,31.55806
,,5.67473,30.16098
,,5.67811,29.71398
,,5.68149,29.48433
,,5.68486,29.01302
,,5.68823,28.94118
,,5.6916,29.29083
,,5.69497,28.823
,,5.69833,28.64202
,,5.70169,28.50535
,,5.70505,28.0467
,,5.7084,27.97444
,,5.71175,27.65918
,,5.7151,27.2913
,,5.71844,26.58994
,,5.72178,26.20065
,,5.72512,25.72721
,,5.72845,25.1813
,,5.73179,24.6903
,,5.73512,24.36956
,,5.73844,24.11854
,,5.74176,23.88513
,,5.74508,23.66161
,,5.7484,23.70169
,,5.75171,23.39029
,,5.75503,22.98572
,,5.75833,23.2871
,,5.76164,23.07472
,,5.76494,22.60824
,,5.76824,22.9225
,,5.77154,22.74865
,,5.77483,22.55974
,,5.77812,22.49221
,,5.7814,22.22647
,,5.78469,22.20307
,,5.78797,22.27097
,,5.79125,21.77286
,,5.79452,21.85085
,,5.79779,21.925
,,5.80106,21.7566
,,5.80433,21.33571
,,5.80759,21.444
,,5.81085,21.86596
,,5.81411,21.14222
,,5.81736,21.35366
,,5.82061,21.41429
,,5.82386,21.79473
,,5.82711,22.18
,,5.83035,22.5125
,,5.83359,22.11
,,5.83683,21.03929
,,5.84006,21.35769
,,5.84329,20.96956
,,5.84652,21.30952
,,5.84974,20.52941
,,5.85296,20.05
,,5.85618,20.21539
,,5.8594,20.62727
,,5.86261,20.47778
,,5.86582,20.66667
,,5.86903,20.25
